reports,temp,day,hour,waste
38,33.67383647519749,5,13,193.72027869456784
28,15.150687262681494,2,21,118.50199417574592
14,19.506655954250565,6,8,127.10675229266138
42,22.30713639348115,5,23,182.69643494241157
7,24.75619601617476,3,22,101.14909838782631
20,32.016350356722924,4,15,134.52828880342196
38,16.75775249080288,3,16,132.7311845549364
18,31.11729773482287,1,15,130.38968443978428
22,16.11306978713951,3,11,98.34428974265053
10,31.846280705963633,6,2,137.03940043461589
10,16.032709557490257,0,10,94.8642238136856
23,15.364849628567221,1,13,102.57692143852317
35,28.93922924732843,5,17,217.34081737110583
39,34.94511069536789,1,20,162.95385654250074
23,32.93220525948041,4,20,141.7638581701406
2,26.5199683561132,2,4,94.60854157250897
21,33.34791226171063,5,15,198.28506295365636
1,15.106000127952107,1,19,93.49314059367215
23,34.50134325890285,5,4,173.7487147894882
43,24.814975585175688,5,2,165.73518250692894
29,29.457921932435514,5,11,162.16316198674033
37,31.417229463067052,2,0,135.79255079983793
1,29.369145416731072,6,20,167.65097480439496
20,25.70073464089821,3,8,111.65659883361688
32,24.53238968252824,5,8,153.2708198510255
11,31.771651174052494,0,3,101.83996882126313
21,19.10155120298918,6,2,131.8402376223455
43,34.35988133008469,4,16,164.47515779263736
24,29.219049576734967,2,1,116.55540402593817
48,18.990138546766396,1,23,121.87325295852163
26,29.72494367396976,2,0,109.52906674782258
41,25.596800463622333,1,7,121.94904837281439
27,29.144601912888888,2,12,113.54890570374431
15,30.355590028856774,1,22,111.7985542552491
14,16.74580359179351,5,14,136.41687960000309
46,25.12207912718694,3,7,115.78197654971635
43,33.64028684513868,1,11,141.3960805442117
2,21.412843843190288,1,21,91.97608758201324
36,26.877661951157975,0,11,110.26192953884893
6,22.38460963019792,1,13,93.51902484114997
20,24.085359444381993,0,14,115.44683931508868
8,25.972062358763065,4,14,109.57633413241388
38,25.978439597779545,5,8,168.1686173025709
17,19.034609246604717,0,18,114.50092492529049
3,28.691430957596666,3,19,126.08635404811284
24,16.757362224853136,6,21,160.90258829660704
13,17.77649546884041,5,7,115.90585162203415
49,15.054217988286593,0,20,137.72854312788346
8,17.333921282833625,5,18,148.5974049665907
25,24.463324021037845,5,5,150.47863679900013
1,27.122037621116775,5,19,163.39815070542616
19,30.88578899932925,4,18,144.64789968832716
27,17.133985002268723,3,3,100.51016393671047
46,32.01454920032909,2,22,145.88063094038117
6,29.919490510974363,2,6,103.37613304027894
43,23.170365858718338,0,3,124.86134566115493
7,33.658761341999096,5,21,183.7192723060317
46,34.818589529147815,0,11,131.05247715442363
34,19.100036201064746,4,12,109.23312013987628
13,22.584571699276008,4,2,84.45137350902795
16,33.52898847179422,1,21,121.49656366159579
35,29.431931015025544,4,11,125.2769422141849
49,15.961892879281754,1,1,111.14708396801346
39,30.630289635028298,3,23,138.1558876864033
3,31.558817743549838,0,1,102.16886825101273
1,30.01003849530627,6,22,156.92467472927308
5,30.990742618390314,3,8,100.87225744158538
41,31.502653533855945,4,0,144.6707589815952
3,18.728099735762882,3,7,82.05326926221205
28,19.713834921299995,3,22,123.75957647773147
17,27.675171274403546,3,5,93.4512056615006
25,33.157322609250315,4,5,126.48768627677609
43,21.323931645929893,6,21,191.68493238015836
33,26.76613351590113,5,17,199.73248831513163
9,28.659641268342646,3,16,126.35982230569003
35,24.038972025980783,1,11,114.79274873600113
13,29.27564909710652,4,5,107.21635758279976
30,32.99334890584346,3,7,128.5900050561852
47,27.482030883636753,6,18,227.01219372852034
14,25.79562123829266,5,9,145.39148014394328
7,23.77489350776678,4,0,91.29473809973082
13,26.549725418122513,2,12,111.05797090708973
22,22.107249036367918,5,16,173.9263419177776
39,22.829642204030037,1,2,113.09244190351696
20,25.637149593763482,3,7,104.62871961443739
15,16.33238224781634,6,13,130.66612258936988
44,19.580507818495928,2,2,111.25686060589159
17,25.85698621226818,6,15,166.94011896370031
46,23.63056286272885,2,12,121.07471941013634
23,21.656315718249687,4,19,127.3410350422811
25,29.61098273618603,2,23,126.35702456579062
24,28.87435214806677,1,16,138.8524140245991
44,18.334615199867663,1,12,122.32301327306473
40,32.572582307468764,0,5,129.93500996148336
28,24.908472528079315,1,16,128.972450716097
14,29.82921822278091,5,13,162.4030101935032
44,26.463016985147775,2,16,151.52872516342205
0,34.95385231847686,1,7,101.30093572883214
24,30.048062400776452,4,10,121.43922571241015
6,29.139609224869183,6,19,171.2469104478758
8,30.571438781015022,6,0,143.98374103155072
23,17.862559710969393,0,6,95.00082800894948
0,19.090891863389267,6,20,140.0416653886912
43,29.281281644472283,2,20,163.42333817410378
7,24.879629742617254,0,16,116.55986206335852
23,30.09270583720233,2,9,112.11557702610354
10,17.058320614882902,4,10,86.67065891801373
16,25.729627029691894,0,21,126.52237110466223
7,22.576431311138315,3,8,89.4319562226528
34,24.140004385633567,5,8,157.62187092966408
34,27.07915744145025,5,23,179.22599399628842
32,25.045766949250602,2,4,113.36291919555809
4,25.797212742256733,6,16,152.87105584417134
41,24.727149639912156,3,8,121.22642485172327
38,23.179103541709864,0,16,136.10079825446724
40,30.4376396119649,3,23,139.0782886861559
27,15.24406144636089,3,20,113.17313853977001
6,26.96885402410454,6,18,173.5453455067371
8,26.310166946459475,0,6,97.8278677133345
7,29.323581494659045,4,22,124.13712011673087
11,26.980587295546528,6,8,142.85416791470112
33,31.535976556181566,3,6,130.5404083001216
32,34.181495891280555,3,12,141.38207024675074
47,21.850485143570868,4,10,123.85358518370168
22,19.54701966059974,3,13,105.59918292356186
23,23.47193724840966,3,18,129.35667209026778
36,20.75859232951452,3,10,110.29686808428029
34,27.29900526305309,5,12,168.50813035178854
43,33.23704817685929,6,13,200.01281478448664
39,17.782323882861238,1,12,121.60652933257958
21,17.01589206031773,6,0,129.82648146322504
26,20.120310637073246,4,7,96.63743796999624
34,29.521911721248017,3,11,130.75100189681052
0,26.85925810517643,6,18,169.1021520083189
34,17.04425328450399,5,11,151.74816619687022
36,33.375010445214926,4,7,118.87840438054403
46,30.801692742481734,2,7,142.7939288331449
13,15.46045209575275,6,20,142.34673235102076
2,28.02734421976492,2,12,101.3326702338723
0,30.42493337039476,3,11,110.14223068458665
4,22.48870739440844,5,15,154.62852736499931
25,16.378430787344374,5,0,127.50689463097031
13,16.546421309775745,6,12,116.9288517378059
38,17.084939321036188,4,6,113.18981244576793
26,31.80879263960846,4,4,119.22413161310914
8,33.21372396511426,5,7,146.2581205001304
14,17.456215636914678,4,13,97.02725840989928
14,19.718120691901625,5,22,141.94789379104418
25,18.310410207345797,6,12,145.49850751532782
41,18.726417589882413,1,14,124.90096191288261
12,31.749815780049843,5,22,172.24074151348745
31,21.64292825309878,2,16,128.55891222782492
38,21.228885280912824,4,14,133.20902147780345
48,19.547912417542253,5,19,215.06998178677384
31,27.157887875885173,5,17,210.88617861232382
3,22.58611396771098,6,17,149.4814611641782
29,29.884993036865776,4,1,126.52565540785929
36,19.11159616751275,1,3,107.39893390254949
22,30.755797774289846,6,0,162.86742036566585
38,27.07443063460278,1,3,119.3976589237014
44,17.285346001113755,6,17,201.0351646966515
14,23.290091684072554,4,4,97.62131258009737
42,32.27036281225914,0,18,157.5075528238882
28,33.4592046359697,4,14,140.62037714244383
35,24.314002446376264,4,7,124.3390530967405
12,24.616739561781472,1,19,126.61666298862049
31,33.369094498786026,1,16,150.05759475517308
6,26.741364482731345,4,0,98.16185498851902
21,15.656933404868767,4,11,97.36310070955217
27,33.25498925758258,4,18,160.48956163323797
1,19.964528855143037,1,14,90.33495749183447
41,26.552639081830947,4,8,121.56043462187345
44,18.310266348559477,4,6,111.44518925530447
5,15.6775832049319,3,1,81.00526178802572
27,21.229463422655147,0,8,96.52854725786857
27,30.609914150921753,2,9,116.04714711139934
43,20.55174345258836,0,1,123.20566797385956
43,19.40194428162194,3,18,155.72476768204868
19,19.253615686824524,2,10,87.49592441487762
29,25.303473648136254,6,12,156.27837979961015
10,34.51082631365513,4,9,108.77895440513105
27,24.17977976034026,3,13,120.40187934156368
24,26.14610737780096,6,17,185.72470917234608
38,32.21264035781468,4,18,167.06060552315125
32,25.70139437867317,1,21,132.55221880700807
0,18.689257428377122,5,8,116.00396653525806
26,20.991918235329543,3,6,93.91362911118988
12,21.198738525372217,1,2,91.8608291223756
40,22.946362309151958,3,19,147.4899471285798
2,23.535778106734988,3,5,94.25484259592677
38,30.99564044148539,1,20,160.36422593533393
5,21.98773998098666,2,1,84.05253445304595
7,24.364636568827585,0,5,96.4161994520295
26,27.499519741021047,4,2,110.10515772692689
8,22.554518948803384,3,15,111.64692900762505
36,31.73129626584666,4,7,125.25720871179115
32,26.749072084681487,5,1,167.28638944574223
41,20.880893584419432,1,16,143.71611786543554
43,29.281183995796564,4,8,144.77305591859604
23,25.552954602895717,1,11,108.56950243300876
14,25.68911782514494,4,2,101.64800811771077
31,24.621758967751717,0,10,110.29302437445287
31,24.94023897642498,0,0,112.2237856810998
23,30.307125621324815,0,22,114.39437128723986
40,17.05962958662631,0,12,114.2855588411733
48,21.687256226209644,0,14,142.56010726020014
48,16.510067276077784,0,4,115.14888458707266
11,30.06492441494902,1,20,122.28643639270152
38,20.446037094405987,3,16,133.74126402572932
1,32.948608196377684,4,22,100.43281296920122
2,25.531569333185875,0,23,101.51680516902974
48,31.014995429722422,1,5,129.89331249410245
36,34.57862871231922,1,20,161.91361293055826
48,31.79577718913141,1,21,160.08847218920997
16,32.339875200230466,3,10,119.70233414209997
48,23.159689907296894,4,17,158.51144415031985
1,26.034451905186796,3,3,93.89624291212233
1,20.077771280866088,2,2,83.64899190520796
27,18.922261993869057,6,12,152.45694522686654
22,25.110157582120678,1,22,117.0523676315139
36,26.90097959400841,2,8,128.63773506308513
31,21.78542491792382,5,20,176.68702267491489
32,26.388870355270008,0,5,119.47356349085207
0,32.74920965027006,6,11,137.17665246230348
18,26.134431695667324,0,1,101.13790308823528
1,29.416261926210133,3,2,97.77148318504798
43,31.106299347158103,6,2,186.29027552920053
25,34.77457563910886,4,11,127.60285938857108
31,27.06394804353959,2,14,122.69733689542066
5,31.13700297925172,4,8,108.06745145663838
31,34.25298637109749,3,22,137.23842442216917
3,33.888194511545464,0,7,99.43313948406214
10,17.82163697555427,6,10,122.83149984916426
16,23.12784616547044,4,15,113.79768750999925
37,21.479801222135993,4,21,133.7076292925454
23,16.738500299006986,0,3,82.72485150663299
4,27.664815498219212,6,0,133.99773539959594
33,29.718092263920045,2,23,131.11607279461194
5,31.96256190933767,0,6,99.4048096800128
21,17.45553779325417,4,1,82.61292986058281
10,32.52888151750588,2,23,113.71802620652602
47,27.858511272285064,2,4,129.20162209562824
15,29.07892270277019,0,6,103.79286840870371
32,33.21248007080608,4,3,116.23798800166797
8,27.495225420865022,3,4,105.61705490340304
5,21.717317142996702,4,23,89.85804130621085
15,31.502146628453197,1,0,108.14219712724258
28,22.26118424390181,6,0,136.06111598280913
2,15.684562216410583,5,14,126.12379622581138
19,31.613090131304993,3,19,142.24696862810347
35,21.903842897625513,2,18,144.60480773574076
18,30.476690464026806,3,9,116.08570318523019
25,22.25515789331891,6,17,182.4285796632016
2,32.22136039949443,2,2,104.74828549768384
18,19.390210501619173,6,10,121.69440581509193
19,34.4909453039774,2,14,134.1135508326976
31,30.595175495760614,3,10,129.5882688431769
6,17.284758518407937,2,16,97.21742513620745
40,26.31553239933121,2,16,156.24817079365843
32,34.707346244834696,1,5,136.8338362182037
39,24.421309053876286,4,4,116.55841417185778
38,18.642142776431665,4,7,106.71470897693133
17,24.69556734300692,5,1,136.40922719097358
39,25.249153117638432,5,15,194.4877552534594
0,29.83373888457331,1,19,117.56287941493768
10,28.97691706321809,5,23,148.18222885859686
27,23.05100087193961,6,11,157.5723849005703
24,19.36046214988173,3,5,94.29352839986699
49,27.90108335538659,0,0,132.3442352054521
22,23.434078691065636,6,3,144.0428932527866
30,17.64552422250661,0,16,132.0933735489347
29,33.01144602472772,0,12,125.18377672570554
41,28.824437152193088,1,17,163.71006633621656
34,28.663677128909626,6,4,172.23001270399664
6,31.451677518233478,1,23,117.0547599927671
15,25.59323357310162,2,23,105.31081291222655
25,31.301088568049142,0,2,113.86219386959918
47,24.961815070220116,3,10,120.80538973273538
48,16.3435079983142,5,12,175.68106086564993
1,23.104961760553774,3,3,92.37990037280751
0,24.94929787959781,5,13,131.33824735616227
47,29.404051632645917,0,21,165.32840541759003
11,17.131574602573487,0,10,84.7121577693591
4,17.80037077320898,0,9,83.78889301751602
36,20.27367605269233,1,18,142.02452781136364
31,20.329967867417643,6,17,191.23595758775932
8,29.643691569181247,5,5,142.674103146855
40,20.014613211231953,6,14,174.0482678547289
34,27.661961267148953,1,20,152.66799800379246
18,24.885477002765427,1,9,105.64700711073078
47,26.465887563588012,4,4,132.43801710242113
15,31.762139263565917,3,4,111.24495875253137
2,23.087630030980485,3,9,81.98597908493771
19,30.41822754128541,2,4,119.37489220476327
23,23.440721191013747,1,2,102.248321305097
32,22.07742753122499,5,22,172.7946405411458
23,34.17254354626441,4,5,122.83872489214784
10,18.687418413579266,4,3,87.81833238390938
48,16.806739211552156,6,17,208.76887189410834
7,30.419718510709572,3,8,106.71387101666569
35,16.36499410708183,1,16,126.05740716966393
37,31.741579814060586,2,12,140.50460305709046
39,23.74386792714487,1,14,129.88860768472898
19,33.310273545838285,6,19,208.67088005092018
34,29.430657222438114,0,16,148.55747578088275
47,27.208093340159152,1,12,130.25838039877635
24,33.98613594115531,6,15,204.0866370899559
34,22.932987461041087,0,21,147.51551776390352
24,34.081738730792665,0,3,118.51394317477616
28,17.70002554842414,2,4,105.02720025100683
17,24.675098838648253,5,4,139.22893970796
45,20.398224447843898,3,8,116.6801385851003
17,25.796855578163868,1,16,135.65670008864237
1,18.240277557831693,0,12,75.96609853621861
34,31.830593206200867,1,1,118.2550984564719
15,31.928156986291146,5,12,159.65950108932358
40,34.10472625446958,3,21,160.70452670182252
35,18.093442817664723,5,20,184.87422083438855
32,27.466651018099814,3,22,133.00874416999335
3,24.48474617400739,4,18,116.0359149468723
32,21.887674640884665,3,2,112.36423375553262
13,22.030803222684376,2,9,79.18927069360561
20,23.255871012135046,5,1,137.48330711061635
47,29.098510993779062,0,12,136.1084405399076
19,26.965721165363092,4,18,140.8658302679706
7,24.193630255222622,2,16,121.41330605979256
6,16.51866820739244,1,20,94.26882864021962
2,16.555306881579142,5,13,122.29620312050245
16,15.046787812515564,6,11,119.61217376175819
32,34.35398776414173,6,20,220.08920886072832
47,15.105076371167698,0,11,115.33889838281475
11,17.061874920274896,3,10,84.0998488683574
21,21.291931136188218,0,6,104.29842159990451
21,31.148605036335223,6,3,156.90922753614973
45,34.24197571528235,1,18,176.6241776883989
29,30.80027117583712,4,0,124.66030708034206
37,28.811204648912813,4,23,128.18857766016623
37,25.42601334827139,5,2,166.07930643380928
44,16.73410423724367,4,12,106.47703448842049
7,34.16341586007861,5,14,177.13001436624037
26,30.16784827891363,5,1,168.50524625564222
26,27.778987706685236,5,10,172.55575195120363
33,30.180716910776997,6,3,177.03151460874116
20,29.48206658546277,6,18,194.95779063031094
29,27.744631595789738,3,16,145.74166397454402
32,34.61153600359977,2,2,122.92728566597972
27,33.067276252720504,5,17,225.72495175673933
46,27.933298382343267,5,7,174.7392985846855
32,28.863504229138496,2,21,134.78356740256424
4,16.0319161331742,0,23,74.97739534779622
47,28.398349291000784,5,18,234.51759445811712
18,15.883308754202003,3,4,84.77806800901497
3,26.76527513939862,4,6,86.2489810897029
34,34.9870699913167,4,20,170.78168376197794
48,26.116131628743595,1,7,130.26967536685083
16,24.46420236162667,1,4,101.55803335542886
43,21.257097130111752,4,16,152.16574757054306
27,17.41045157572929,4,4,98.99751346718121
29,29.62047342916563,6,3,160.93977730864293
28,18.851980555712608,3,21,110.49620494144477
45,17.305640424945686,2,18,141.52071186692706
5,23.43525319461025,1,20,118.09637142259751
34,30.90683675918195,6,1,166.70768214029948
40,29.90129096240441,6,10,180.8802546288393
36,16.0976522929295,2,21,126.84816279970347
23,24.102873700723123,6,12,153.74571161119152
28,25.448691521423378,3,14,126.20533431370654
48,27.89093301251644,4,11,136.0824931569469
45,28.003347008864562,5,21,213.71180028388162
30,22.29394498914612,2,20,141.2958767159593
34,26.21354388007028,4,21,132.52080038625525
32,24.621237676881726,4,10,114.69833955018912
20,32.69996713046562,0,6,105.97032701335284
31,25.605302652698004,2,4,102.83985693302245
22,23.82064323496323,6,16,179.00620238263343
32,23.089708993637014,5,23,168.58992412513885
2,26.448555188669314,2,19,125.32829179669972
17,31.07953958801795,6,8,166.58495340000746
24,25.76802980761575,4,13,122.51929173573338
41,28.23310350161083,5,11,182.300225207948
30,29.7571153381305,6,5,166.8939344336903
2,25.403362197574637,3,16,103.5979579997457
39,23.536341133097288,6,18,211.30802826464662
45,32.53330755724899,0,18,181.69183349292666
23,23.35012168055784,4,15,126.73575505655576
49,24.23885701151175,6,11,172.8160887630789
31,34.80682626683554,1,11,132.58482648304928
46,15.004750471517692,1,19,142.96912294114924
21,18.70945819153445,0,5,96.6160184576187
22,22.679277798394516,3,22,114.01267460142691
1,33.651798188505055,4,3,104.6057303455341
26,16.40059411494942,2,5,98.88985040504735
41,15.189708672569962,0,10,103.28209195693769
1,16.053676719544573,3,0,77.15558572835596
25,16.77086821227236,2,23,101.32755686332506
16,15.751935464125218,1,22,89.65120583147208
39,24.595626537130094,1,14,129.85030399022193
32,26.615144144546555,2,10,108.69425706231019
8,20.433739421380082,0,18,118.06625954704168
42,22.96574767951271,1,17,153.3288318023037
47,16.833986702228604,4,16,138.1827272026723
38,21.72740927656844,5,18,212.74643404147506
28,25.450383832690463,6,20,192.33340031410754
41,29.645436143692905,2,13,129.63241904390125
25,15.066927240859584,2,17,116.68186312828158
34,24.34621533075305,1,18,155.9993908313349
49,20.940057529097643,0,14,132.13799481853593
24,32.05643643383803,4,14,133.12590999899135
23,29.31106630468484,0,3,116.08610820500374
12,26.782170689417896,3,6,102.73303951650065
6,20.545312913935472,3,12,101.34140800618016
35,33.20678204115069,5,2,173.05276174406603
44,15.902013544406463,1,15,123.51390502083221
19,17.189351973582305,1,8,85.29077682068149
0,22.83260281080712,1,7,82.79973927674446
7,17.488751145937126,5,19,152.57580920517853
45,34.1283139511885,3,12,137.60389260104228
15,30.959786442867667,0,16,140.05599443427823
13,20.179653032036274,5,16,157.60593101930849
11,26.771084579464908,5,16,166.27436855909414
22,34.64661030160163,0,0,110.81306621587737
14,32.68397956263006,1,7,102.62792586536374
27,27.01596892884396,4,18,142.4318723700761
33,33.07447934350541,0,5,125.16912533814968
1,34.78369819626718,3,2,109.70588274750551
31,29.867056457872483,2,4,123.59669543217557
22,16.29972818965788,2,12,91.59215331717601
21,23.03160472850975,6,14,161.42906550681704
24,31.75651470566491,6,13,184.06227578726435
21,19.61138391610038,5,22,160.68702275734182
21,31.61285035501249,2,15,133.43049323694203
48,17.40677524069992,4,17,151.79819686291466
41,15.93890714295626,1,21,133.0747052751674
5,22.681812229824992,3,21,96.50390195704543
14,15.734638748532273,6,10,117.17811830466033
42,34.14540525966651,4,2,145.91822849164691
36,31.52411391587932,3,21,147.52352884343563
32,31.015393742597503,3,9,107.88533328765152
7,27.595558459923062,1,9,96.7117782337398
43,19.32648046073107,5,20,202.50280045784797
43,25.36520733352784,2,15,144.7608686602087
4,26.94548144860682,1,11,99.04105830544965
38,25.500630017205363,4,1,123.34205880333684
3,20.204667359030545,5,8,114.14940443441864
5,25.304958486294517,4,23,96.23940986077098
44,24.82372681737253,5,2,172.17706543551117
31,34.926715516134486,6,23,192.27534999482853
29,32.94872296092407,4,14,138.01702567474732
46,24.2676149643124,1,2,123.67722966946906
34,27.45874765870237,5,18,211.7236504351538
39,29.957432081844573,5,17,230.4563090713045
15,15.697303204676498,3,7,88.57301014839302
12,32.8984288245568,3,16,128.43913727346904
49,32.20253632835848,0,7,135.60765350591745
41,24.148641955474147,4,6,119.50034062268637
29,22.823395321607595,3,6,104.77434010861677
18,20.4591874971263,0,2,98.27566012769275
16,24.533536566607367,6,0,139.10601473469222
18,15.887533270664736,6,3,124.3693206148024
27,32.04387066694015,3,4,117.66292951261686
25,15.708447368370901,4,0,83.59657736299054
36,21.58102730739742,5,14,164.58409021208882
25,33.631789766379796,2,4,123.39640681065681
22,29.704253090469056,4,12,118.04455463958786
8,20.627819211550538,1,7,89.56658401304192
11,20.052981879217704,6,7,125.14856550218069
0,15.101642796360519,3,4,73.72570801731054
0,28.914285856995004,3,8,98.32483559968439
46,15.975671633463461,5,0,157.29200800078925
33,25.65205038801524,1,3,120.08275076677685
31,34.242439451840994,5,2,177.48646733681542
47,17.189377201089076,1,1,111.88216072008123
24,32.88959861936135,2,7,119.54822188572659
39,34.829506702900964,6,22,205.6825163391676
44,16.2303405247847,3,8,107.7733244015198
0,32.658125382749226,3,1,99.87504777859016
15,25.321580408872332,2,13,108.28320975817915
38,33.1302743888916,0,13,139.29519065235144
4,26.426378838391482,6,3,123.0346173217171
21,28.242240202131292,5,5,156.0145873171396
28,25.875578159947985,2,10,116.33756893166307
2,32.28985760614697,5,2,148.26718142401606
11,29.678198379074033,4,7,105.56349141994968
25,25.425206243608297,3,2,108.14514013698854
15,32.36321608103094,5,13,161.27473656882844
36,19.90571064510669,1,12,120.53025665486054
21,18.14681319405052,5,12,138.21165888354162
28,18.20800210660144,4,1,100.67887221344336
13,21.680177574904757,6,12,134.09975595436558
27,19.77380062602035,3,18,130.04906338856537
4,33.601807010194776,2,5,107.04664404419734
46,17.11668187657168,4,15,127.8336846382913
48,28.979814760791754,3,1,139.99688564838806
29,18.784430795700118,5,7,149.01619513994223
45,32.632742655407,6,16,232.54314912585852
4,34.22630576369815,0,22,113.11337270382771
11,24.309400175399674,6,1,123.29371468587348
15,32.58142960456263,0,9,104.98457852494374
25,15.102903415094296,1,15,113.16322472839111
25,31.398938348162,6,5,165.5185937627095
47,19.57250323049847,3,1,119.4270264074863
20,33.17402618538736,0,1,106.53314479841801
38,15.02240222960219,2,12,105.13368975284395
35,26.12363470079514,3,23,132.78795147426237
32,30.132716075698696,2,14,135.21753230194176
29,20.173766613958158,6,1,138.4834408419758
36,18.86265729174586,2,6,106.54675209239083
22,16.681964489359693,0,2,88.76787814372507
9,21.528671530065857,3,7,91.1937237102156
4,26.19688624617659,5,22,145.5670940330598
35,17.316877135605154,4,13,114.4697414125076
33,22.533907239735974,0,23,112.3548911451289
30,15.181448093054499,0,22,106.46385809995404
9,31.373588409996835,5,21,177.97629720072203
18,17.568974361863827,3,6,83.99119458902847
31,20.666858965311633,3,20,126.20020282766995
0,15.368554374764349,6,6,103.28074346480311
4,23.644815677850247,2,0,90.10087311731434
44,31.802430054824377,6,16,228.3176401339748
3,22.843024228903932,5,8,120.07890250160371
15,18.58994646847667,6,20,158.73418660051706
23,30.073976681010386,5,12,169.61558225161335
15,30.776139637414886,3,20,128.80143958020707
1,18.475069506151335,2,18,103.88798314013486
48,30.417082170819796,6,20,240.27007094476016
27,33.945957765126764,0,18,158.69515733519154
31,18.327551738645447,1,21,115.5049797641082
26,30.41968585064271,4,16,138.76791278029597
19,29.17144009205259,0,22,121.59156123297676
23,24.47147776870177,3,22,123.24971375351225
11,16.158409211175965,4,9,83.11057393686113
49,16.49388835515708,1,9,115.26672292651642
34,32.04829318397295,1,3,120.29087141917093
32,34.80296745501294,2,7,132.76619694718403
32,28.521045143735087,4,21,134.19388996908393
42,23.91916614020643,2,19,150.8628830335402
36,27.951472868038152,0,19,158.13769765047965
11,26.887917184570906,5,17,167.97285795187395
2,22.672245208112436,5,13,129.6871076390537
0,16.31252289148026,5,17,128.6475999464928
32,31.43025894814882,4,13,132.01018553286133
39,22.43667058477449,5,19,204.66896594102096
9,31.375712867141875,0,20,139.8390653376621
42,20.050174993767644,2,23,120.21320988026679
43,15.020589596912668,4,14,129.33232150270754
28,18.17876566553513,2,21,120.73844631252324
12,24.370788335371685,4,3,92.14899515163164
11,33.8860726991566,2,12,115.7341696322601
30,17.04387239387438,1,22,110.32357814691314
45,32.08419548923132,2,7,135.38552147115678
1,25.54048192423724,5,17,156.5895125838314
49,31.51841531599793,1,11,147.6196531448754
34,20.967488619799852,2,22,126.67858055453104
22,31.798943293449437,4,13,124.08229711113819
16,30.456455600336092,4,1,117.13026070543104
25,19.60107366062868,4,17,127.98197511190413
7,17.62670252818756,3,23,93.66523920298123
28,32.36108645064586,0,1,121.1331364759866
25,34.26473306880264,4,10,124.40686826044411
9,15.626046274950324,1,8,80.32539876845254
25,29.62540133947371,4,11,117.17116319740039
33,33.19049021895637,3,16,157.3508860279861
40,32.14720184184998,5,14,201.44532115354835
6,34.29040944540417,1,16,129.75031976936324
3,30.201881568761944,3,17,124.34592025387339
49,23.845975247618206,5,21,207.94005625149407
44,21.239039809902607,6,5,163.73320104039882
10,21.41485480876255,6,16,162.345356293331
28,29.48845345228234,1,22,135.2530102621649
35,29.916740240619287,2,23,131.08522663247754
24,19.007182870974255,0,17,132.3488234445438
20,32.36245626981062,0,7,123.95015589038772
35,29.298480804044953,3,8,111.87002177686884
9,26.25500572686765,5,5,139.8803556179837
36,24.430649202050255,0,4,111.98169923776157
8,25.864656115799164,5,11,139.90752418315145
23,18.18491476558529,5,10,141.28740097161193
34,19.074024985525483,3,0,101.42607498918545
48,16.823289808123832,3,10,105.34711086210893
34,18.073160763222255,3,18,139.77983392936272
47,24.073872692105653,0,8,124.53129828301584
35,25.607087874565124,6,1,154.6326959718581
17,15.357237849566388,3,11,100.99201351902681
48,30.93595655728055,0,3,137.926182607457
38,20.883359466869557,3,3,115.07566430907161
31,33.23672069919822,4,17,166.8597660912426
23,34.35022527227555,5,14,185.69852105764414
22,18.709177493533087,3,18,125.01516667283289
31,24.241945815313212,1,12,109.0795886813055
36,15.024636703328518,5,18,181.3935159636609
11,26.966545302448537,5,16,174.2567225541279
48,27.146128965253425,3,5,120.79601029435615
12,19.950799112067504,6,15,144.961391829637
22,26.168253451663958,2,23,110.20587348091831
24,19.51080284887471,6,11,141.28140347538124
34,18.216509381563803,3,18,138.75569960237615
40,28.030389336045296,5,4,177.37555403046534
29,21.518509279041496,1,16,135.80984436613954
16,26.80527877771245,5,22,168.85775456074867
48,23.664934979433113,6,0,176.49259151774766
19,34.687028148058076,1,23,135.43673010833044
47,17.991612853351317,0,22,129.3174208074062
24,24.2919719327162,4,9,105.1234116404039
21,28.609132527186503,5,14,175.57966812804693
12,22.910901677599373,3,22,104.4735133655229
18,34.4939970374138,0,20,153.30335094613014
48,29.4377525585387,4,20,170.05446141798222
35,28.13967715128986,3,10,124.99105995267483
11,30.14118535222447,2,12,108.89181378036604
40,34.05297276077434,3,4,131.04281844132362
18,33.156373059692804,1,0,117.64118513385812
11,29.48570616252824,1,23,105.1001916289322
8,29.98323278202566,2,11,111.04563274270353
6,17.91844148070291,0,10,81.48942769140423
27,17.055848089853313,4,16,122.05491019244238
13,26.418090036883285,3,3,95.47924150429051
30,15.3673527388108,1,14,112.63562168563985
18,24.64712763103183,0,8,99.21955068164075
46,19.20699159837737,2,20,146.62872377769358
15,21.920331352896792,6,19,174.3159671093557
4,30.516094715859122,5,18,176.8947780063527
34,33.82475008464773,6,18,227.2279221265183
11,16.44832544292683,6,11,126.82532302021161
24,25.684844119528904,1,4,106.76637421081763
20,32.650669716392,2,9,116.4834290658562
35,16.650170688808426,3,16,130.13942038066477
22,31.490280937936678,6,4,154.50198952388982
15,22.156027018565428,6,21,159.9011809030381
38,21.441894044386707,4,15,133.5403180227256
44,34.549327726295715,1,6,133.8201280294129
41,19.017181797245883,1,8,105.67220573569239
38,28.86387881645362,3,2,126.72527067281088
13,31.428814560197328,5,14,174.76825352628916
30,15.823669905585433,0,15,116.41233151707198
4,28.407709167088242,4,17,115.82939382958638
34,34.03099948710654,1,13,132.55339950012242
22,17.484399334561186,4,2,91.66599919716386
28,32.92442605370077,1,11,132.01119476393004
42,26.895532747538724,4,8,122.85329227968144
10,27.33209163724948,2,6,96.66525589448776
17,27.25888349731212,6,8,138.0858876247563
46,20.976717726746276,1,12,119.78328393076593
11,33.70403630598919,4,17,134.2252912483575
8,33.947009252620774,0,4,102.30521564844211
9,27.506093204278955,2,12,103.05639187909262
43,30.66845451883229,2,3,128.39700653986287
16,27.24515971762316,0,1,112.16521515053624
37,24.687968951480812,4,15,143.2442269874943
6,28.21640236598501,3,8,94.19282664819531
45,26.06002905183917,0,8,120.65103080467061
12,26.9495172526386,4,5,106.93999561688689
39,30.67665106837724,0,10,136.60537690416743
41,24.618076628979697,0,21,130.54132352938777
8,15.815082121849455,1,23,86.5805372217294
49,18.279989619789944,4,21,136.58067171774545
26,23.77214432979077,3,0,109.70381768139278
1,29.49653119748117,6,3,142.7762048990952
4,26.865572966203572,1,12,94.87416244013548
28,28.00588371746908,0,22,118.21579530394516
36,24.585578571525744,6,12,171.42000666584275
37,27.314840438844854,5,12,182.60441130419463
18,21.580348756293244,6,1,133.95993780728122
7,24.4036518539333,0,8,88.78722808425852
47,29.885581311899113,0,23,140.14846705744947
44,32.436655579462425,4,7,138.15435300272577
0,23.673106679127777,4,6,83.24596090084505
21,15.873233154147224,1,3,92.25375253438023
16,18.233450882936054,3,17,115.87271477840913
6,15.417222785830763,1,2,77.54895168238347
24,28.0652603847466,2,5,114.80714517626014
44,21.646292507102178,0,11,117.59681098319348
3,25.84957271438735,6,11,128.00812761642072
35,24.86553693567599,5,20,204.18158137931624
5,16.630529791048534,0,7,74.03967997092447
30,23.065227222476636,0,21,123.9571158928755
18,19.411222498446463,1,21,104.23151035111495
43,23.367995773353055,5,0,171.47784645450977
38,19.071565606844853,5,3,152.08427355165176
26,31.80904812553867,5,20,199.2081903351088
9,18.483866731565072,1,10,89.92262731168576
25,34.215611029739534,0,2,118.54572997118697
18,23.318147322938817,1,12,99.05360389498152
38,31.924905840380987,4,16,158.1263119104858
2,27.575296364118902,4,21,117.27202541884458
44,29.707005973315052,1,21,151.39681610873149
12,30.354477761335605,5,9,150.55161892740156
49,25.096897637860355,0,20,160.95169054721327
27,25.866010467265767,1,11,114.79229164975067
19,25.2799173561745,1,14,122.19338881261183
27,26.761167561801585,1,20,135.04891124980034
7,15.587888915130145,2,9,74.02838183149991
40,22.910303396980304,4,13,119.75541679137471
38,27.123774271223432,6,12,175.68019205167263
0,26.954471305117288,5,4,121.86986535266021
2,30.859121892112633,3,5,98.62884386545517
12,28.100186776642172,6,23,153.49143031276677
27,34.84266632681344,5,1,178.5024713402672
48,20.6770905721729,3,21,142.60013071857364
24,22.183020593324628,2,16,125.01032852966961
32,22.676943037355926,1,3,111.669783127787
37,24.31625614040497,2,13,119.60643533673158
5,31.71996127562419,2,9,101.72777384023605
43,19.715841879184197,6,2,161.16030598716216
44,30.52000414070859,0,2,131.62662036518034
31,23.10620366171487,6,14,174.2183807995996
44,27.037107673240172,4,5,122.53858720726832
46,27.650810664526123,3,16,164.85104222681616
20,22.45697274377869,1,11,110.76195742828742
15,25.252304104116103,6,21,157.25978317381396
20,23.26062349295394,3,19,123.44456591463936
10,16.382655723732388,5,23,124.4667942416958
36,23.74330777633653,3,10,114.11270296489793
35,16.947867851071045,5,3,154.27274639133105
34,23.10041598160643,6,5,157.69372474882522
18,26.858367996635636,4,0,111.65027874190002
19,26.588297986870018,6,19,178.61937534966236
17,28.252425580166406,5,22,170.7399718564062
46,16.905230159092525,3,15,128.98841270170888
40,28.042464910608757,3,14,135.70721775568214
48,21.242961133928944,5,16,207.57452766773176
13,22.98091892274222,2,7,87.78272374258512
14,32.159725078454116,4,11,113.81150616424345
30,15.180608082591005,0,21,115.33284450891873
0,26.76825266681211,1,20,113.13985478937646
2,26.974279602002152,3,9,96.80338751050384
15,22.933195526871238,1,14,115.86304546847686
22,19.740557142166722,0,8,95.50502326607999
10,19.693480765231023,6,1,124.9430667196398
11,32.67419339321505,1,4,109.27683480364564
9,23.84048747565715,0,5,94.8511365485874
31,21.61778725978344,5,6,152.09544919641917
15,23.975551476628063,2,20,129.44871400232097
7,28.387808029187227,3,0,95.883328149926
37,17.915131364895032,0,22,111.97568783920738
11,23.988676704274752,1,6,91.3031850611261
23,26.757687422207738,3,19,143.12421360534367
27,33.97166709702867,2,11,125.09080544528419
7,20.050555641508385,5,15,139.43347845703684
27,22.185014958324913,6,15,168.16284687710908
35,22.587171798448473,3,10,113.94596726786206
25,27.110763152897658,6,20,195.37323295243897
7,22.134641060800035,0,3,90.33142114691375
49,25.67023850599391,2,12,131.62361833215994
27,30.635806596900586,1,6,118.29874677977055
27,29.10771188224407,2,3,115.96591151811938
36,23.92737293025171,2,14,129.78481529008474
40,32.284323553483375,4,18,163.632906174197
35,26.16280499187726,2,8,118.36681626377937
26,25.79811679004425,2,10,108.23254533583193
16,15.683755318783163,3,7,91.55990320104472
8,34.73385960714323,1,0,109.16538311520566
32,17.459416170592533,3,22,118.520548371471
19,19.622618248552932,3,23,100.20417408228622
12,16.03393674483054,0,7,82.35254712264907
27,27.800059336738272,3,12,125.37139512726095
47,19.4940235394536,4,21,140.2830123195332
28,18.60020874945447,4,3,96.72785259749703
12,16.771111684464827,6,7,123.18706149823724
45,17.066179142480312,0,2,108.93276733862925
34,26.693414008851775,6,8,165.45502130453772
5,28.764157317331907,6,1,145.1881078641566
17,22.94757976928802,5,1,130.07350995990487
4,24.597941631841465,1,12,92.87599018838819
46,28.719354719659684,1,14,147.93885019411633
24,15.347595803709593,3,22,107.41888989890568
1,21.46261314140557,3,11,78.42427064334258
9,34.46195496140693,5,3,144.77132451468017
29,26.60224459390936,3,7,118.59796183642024
49,20.084491597949864,1,8,115.86305540408972
44,25.434600932724262,6,22,190.1800721622243
4,21.853069762418308,2,4,93.73133443659088
32,25.644899776525982,4,23,122.94874491493425
0,17.514830236132976,2,19,98.29857230488285
17,17.65429307638555,2,17,114.74645962166967
31,17.870847240787857,1,10,96.35709073046604
46,33.79639583853684,2,14,157.83079371641517
48,29.657978366826836,5,21,221.94101562005704
10,18.247637893246416,0,8,86.3139252368668
20,18.766981675312028,3,16,116.18579876961405
25,29.61658949741753,0,11,115.21957978301926
24,18.12327689584348,6,6,139.51487851454476
21,19.691225866696573,4,9,95.95143516663485
26,34.26693665640798,3,9,122.28735695472626
48,20.10613049456864,2,12,126.02223421708044
12,28.232647007422933,4,18,133.57346631787667
32,34.57262574801061,3,10,136.76259743307963
33,22.485935342795855,5,12,151.6334473709294
40,15.350319817241244,5,20,183.85629735586988
34,19.882945808447484,5,7,146.36027111016517
0,31.61754382683411,5,7,131.73567017304148
20,32.29217671910074,2,3,112.15307198994644
47,30.370387290475826,0,14,149.85154673981145
5,17.26219638153146,3,10,81.07329754254982
27,30.910207433928065,2,10,111.38970152896879
16,33.37355593987009,5,0,155.2990490472595
4,27.01219085092472,6,16,164.13007815100684
30,33.8175071267613,0,14,135.72455805183992
4,31.53677767423755,6,19,175.06431544521308
37,28.339430339818144,4,5,110.83154824072354
2,26.543704734234964,6,23,134.2395745535449
22,21.97147334483941,4,21,113.10637330169403
36,18.1857489048561,4,14,114.24202668841257
36,27.09907845381082,5,8,166.06291033962856
9,21.36223107236239,4,13,92.92010990448455
9,32.32877335055291,1,17,129.85640421406623
18,34.86673874717257,3,16,134.15474274361088
16,30.048555252311452,3,17,139.9973877139603
20,16.809633905741016,5,4,131.46508230820479
13,20.77371191061276,1,19,115.56061881632128
8,17.182192635314994,6,19,146.361418377926
45,28.010232955834315,2,8,128.17787114744337
0,30.303817291115692,6,10,142.67716525234042
44,33.51349661761424,2,23,137.7656473960938
12,23.763446928239752,4,21,110.5034565727528
3,33.02751299176889,0,0,93.33140513275876
0,32.557823180826546,2,17,128.69699060472186
48,21.34391433530797,0,5,119.69910131061134
39,32.378012510811416,3,1,130.78198347515183
31,22.51344503763453,0,14,122.72613944887178
33,20.937385491205617,3,20,138.65692723712246
27,27.981493175887863,1,13,124.75875123894295
30,21.56762455770162,1,4,110.50457212278528
7,27.60417496658288,5,5,130.48450203401978
38,27.19663610997389,5,5,175.64304801401644
25,26.268778546969177,4,21,125.6982667888463
33,22.608394084655956,2,17,138.2936154487273
2,25.969994433029534,4,13,98.6832306913963
49,26.92970949970843,3,9,131.53605523449605
11,25.913737769909467,4,13,99.61763709430447
0,23.88838905502403,0,12,88.45104022668839
43,15.293341140925277,3,2,114.78120973699323
4,26.74123415402302,5,5,123.29818717627347
29,18.368887702854394,1,7,108.21581563090638
29,27.85151937894379,5,11,162.93375913724918
16,30.18688655845732,2,12,100.77968028577715
47,25.00890618261483,3,10,119.35187833525681
46,25.847273299594768,3,11,123.2295996051199
22,34.029571193319825,0,0,115.52471082815134
14,31.943347227451483,2,16,134.80319807032384
36,33.2847303190294,1,15,138.63277387278399
20,31.275325766391727,6,10,160.36688081947028
13,17.17836683693463,3,12,84.3905506596635
1,17.979837119403893,3,17,106.79247957087587
10,25.53247594537919,0,10,95.77307661074227
38,19.921393175959963,4,11,117.17092447048557
37,24.533909500823185,1,5,121.95553017277943
33,22.887306476367005,5,8,160.6195021775357
37,25.988284768609066,2,15,137.32755676951575
49,29.937514322716453,3,3,131.21042062573667
33,29.309818141985488,3,2,119.23988475949253
17,25.42468264970669,5,15,171.5298026340444
29,31.447868376341162,1,23,126.8228186689306
14,23.61724183076067,4,11,97.93487311357177
26,32.93428579680245,3,10,122.59948197861002
33,16.42560540110328,1,4,96.51451421988976
37,34.09320060066615,5,17,230.13849192237322
32,28.093861628626964,0,18,152.27171076880262
23,22.601490178744108,4,22,114.7904412223985
14,18.94308253145755,2,22,102.83655317285489
29,24.583664588871997,3,5,113.43769204808122
41,18.89116646370602,1,21,125.86378942605036
16,18.326632154862843,0,17,111.85271301580856
4,27.347035148259486,2,5,89.36915570262681
28,25.461694491635694,6,3,161.89196853921158
3,28.401920692218834,1,11,96.27484796280974
9,33.59211754843979,1,18,139.94527569568268
16,25.6452042667808,2,1,101.556681454339
9,26.618641065255954,0,16,116.88180904544367
16,16.792526783098843,6,10,132.06130025823924
19,29.35271571817259,5,10,156.28631322078218
23,22.998104136083125,0,20,127.8131893409392
4,34.53450477325158,4,15,118.58151056647439
33,31.463480311913205,3,1,117.78556195673966
5,25.449620810322365,2,1,90.62989650114787
1,17.46445308344332,5,22,117.59019066267467
12,32.188315865611784,6,7,145.75278925567858
42,30.995621908480434,2,12,133.52051223997273
42,18.69170259074066,2,9,110.92746810462914
47,20.9055657844062,0,7,119.7102385380174
10,30.868145162956747,3,3,101.78273699702099
46,18.70456893094819,4,14,123.98456914719755
22,33.355049783427546,1,0,112.7679707826476
15,23.490548503927236,1,10,104.13396339338775
30,16.740779251753175,2,6,92.86235487377093
10,31.31497287008562,3,16,132.00498312911844
15,22.47019366076775,6,19,174.60913515760677
7,25.52998388307562,6,23,140.68001501356284
3,17.246086888224383,5,17,149.51248624090513
39,15.051680296899647,0,21,125.16938979220569
3,27.75970411586595,3,21,120.36543362887542
24,25.303503406674633,3,11,106.0128822760106
2,26.870771382462944,0,8,88.84302058329914
31,30.874877007610326,6,4,172.195876918152
2,27.932118268457202,6,9,130.0263619673854
26,18.495468856547543,6,3,146.38896596247318
28,22.215450382211998,2,4,107.4322694715562
31,33.11782209575521,3,9,119.66870552362452
49,30.39889400503358,1,10,127.26943359957244
18,26.132741158734344,0,20,128.0946238796819
20,20.112899956185444,6,23,144.26309098589462
4,21.0412100366959,5,9,120.63085055181239
17,29.63916135171269,6,7,157.3903284979559
27,32.023485217055416,6,1,172.884890824744
41,28.42849339061229,4,22,138.0195505855022
21,31.190599515368834,2,7,107.15782472006457
20,30.33312270400812,0,15,125.6174714594398
5,17.994079359139153,4,21,92.04418957052557
0,23.47889625826604,4,4,83.38516381375098
4,18.059676016571252,5,2,113.93065278268294
40,19.704711696039695,3,11,109.75197413151344
11,32.38519249302105,5,12,157.83430554091274
25,24.457839312663644,3,12,112.8285045210903
45,25.70716203685322,3,9,125.69258592727986
33,18.568919304555443,0,3,98.6103805266253
48,21.24543572097592,6,8,170.90982641259768
13,19.6049233685574,0,21,116.55501294761866
25,19.123723290368527,2,23,107.29730964356517
44,27.7592158663194,3,22,127.71694810945517
26,20.137676952914298,4,1,107.21091651536156
8,27.640309720408368,6,18,174.59230665321792
25,16.16909228217108,1,0,105.58220230637937
46,17.83548787054204,2,6,114.14647692230741
21,20.49080508000251,0,16,112.54297102407357
46,26.940938337913835,5,2,167.7725186346457
29,28.51682490174752,2,19,156.58630334572715
42,23.85433933559054,2,19,158.79005458921148
47,23.91581829154458,6,20,225.5187262124553
16,29.490337027972362,2,2,107.0901493502589
25,15.31642183531165,2,2,92.69200190783043
35,21.82180048948441,1,16,135.41945133460047
0,31.374141142384655,5,6,132.6079205645542
7,27.064388204267445,5,13,142.78753617214232
48,21.744542655108408,5,16,211.20998575920018
34,33.11049584659348,3,17,158.64919531503784
14,30.452454548987653,4,12,102.87157209207257
46,20.29790894473467,5,19,211.52751982660453
21,27.905796750514337,2,19,135.1637335922874
13,26.915014563779135,2,20,108.78303144939179
25,23.023758280779653,5,17,190.64504928676135
27,22.339121584096013,6,3,141.6120246515304
22,21.87120949551408,5,0,143.87848785629458
13,27.343115667912937,2,17,133.3841652400037
23,23.84819872961339,3,0,105.59024862799684
1,31.63726226502844,0,12,114.72922934811199
44,28.392052322679238,0,19,163.36252209076451
25,16.398632114188683,5,19,168.59297602324943
13,27.80336447656332,1,22,118.11640071011455
6,20.422948730003696,5,9,119.72957362081061
2,26.856239833068454,6,10,135.54295489163016
46,28.60263862206903,5,8,175.45211012858735
22,19.61658378308024,0,8,90.87653056356876
45,24.13717289760737,2,4,126.03549107472838
42,18.806497256381355,5,0,150.70959025690905
46,16.046777515730167,2,16,140.54902600667086
44,22.569528469717383,2,21,142.56733054434616
17,22.25888543691984,1,1,93.51588982267177
37,34.909609814085144,2,23,143.67195100950974
34,23.927047023952845,0,12,111.50915162546912
14,21.671390989444006,3,8,88.81626608670264
24,26.609500134333494,3,3,107.92843349872989
36,16.77534788215537,4,4,104.35824304297707
27,34.23331471909626,6,10,172.0868617851895
9,27.69920091182066,5,23,150.75565906295367
38,30.096756398816957,6,18,230.43447704401177
16,18.40955876347835,0,20,119.78061488081133
38,23.18955706010408,2,2,114.70793186259935
21,23.453782267923792,3,11,109.96440244081498
25,31.436128878021737,6,18,217.8242594014688
43,15.024733595188188,0,18,150.48811692708273
24,21.017062167065102,3,12,104.17882115860994
16,34.62472748688607,2,6,112.64684462490678
12,24.49773087012437,6,14,157.8095992921104
19,22.650525604880166,3,22,113.33466692652344
24,17.396580040352926,5,6,139.83454067302583
3,34.483292572560316,5,7,149.4115561686337
9,15.40052711851649,4,4,69.76742985226545
2,29.743604500144862,4,20,121.2099981118992
40,30.371996095770168,3,13,138.65613390948926
44,19.873134321277334,0,3,115.67536457461647
17,28.431168872260745,5,22,166.42956472798784
46,16.858582887587797,0,9,104.50071183478792
35,20.1409453286416,0,19,143.2913872274352
46,30.7580397658453,3,14,151.2015195148841
21,32.29372384067081,0,17,153.4542462388891
33,27.169728253195828,5,19,202.86852002511785
46,25.136768636409652,2,12,132.0958074442
7,18.186080412379606,4,7,81.73575638815235
39,16.262180661583002,2,8,106.43467558787881
48,17.35298056947117,0,15,134.1351674176332
43,19.547146001921973,2,18,150.5549743411485
18,21.833490037938418,5,15,159.9442938620403
41,22.618190510219744,5,6,158.17507165583595
40,21.926435371780073,0,13,123.91617677827723
36,19.781106643945314,3,13,115.5150816809129
5,25.194484935033962,2,3,91.37486191968615
25,31.505722164657936,3,14,115.78145928887511
33,20.594070769429585,3,2,110.70430800347694
44,33.84774038204466,1,4,134.39905383771082
5,32.466733234476955,0,0,95.95933245086023
36,18.235284227042193,4,2,110.76576512894064
